B,p10,Mint,Mniint,max_LC,skew,CV_LC,mad,aslope,bslope,median,time
0.5,0.2,0.4,0.1,5.3834e+44,2.1766,0.44604,3.1207e+43,-8.6702e+42,3.6023e+43,2.5284e+44,14.365
0.5,0.2,0.4,0.3,5.4637e+44,2.257,0.4581,3.1946e+43,-9.0559e+42,4.0042e+43,2.5284e+44,13.86
0.5,0.2,0.4,0.4,5.4961e+44,2.2594,0.45885,3.1407e+43,-9.4295e+42,4.0224e+43,2.5428e+44,13.86
0.5,0.2,0.4,0.5,5.527e+44,2.2612,0.45947,3.2431e+43,-9.2747e+42,4.1946e+43,2.5411e+44,13.365
0.5,0.2,0.4,0.6,5.5545e+44,2.2626,0.45998,3.3389e+43,-9.5941e+42,4.2091e+43,2.5395e+44,13.365
0.5,0.2,0.4,0.8,5.6043e+44,2.2649,0.46082,3.3113e+43,-9.6555e+42,4.4026e+43,2.5568e+44,12.87
0.5,0.2,0.5,0.1,5.1315e+44,2.2291,0.44776,2.5835e+43,-7.9147e+42,3.0985e+43,2.5107e+44,16.83
0.5,0.2,0.5,0.3,5.2119e+44,2.2292,0.44982,2.8549e+43,-7.8749e+42,3.3442e+43,2.5063e+44,15.84
