time,lumin
-3.4681,1.1423
-2.6995,2.0288
-2.7051,2.2544
-1.7598,3.1020
-1.5884,3.2731
-1.6786,3.3665
3.2730,2.1446
9.9698,1.4124
14.287,0.94509
17.544,0.73459
18.511,0.69555
19.305,0.60987
23.615,0.43809
26.164,0.40658
39.526,0.20228
42.075,0.14744
54.468,0.059953
